مزرعه,مساحت (ha),PN1,PE1,PN2,PE2,PN3,PE3,PN4,PE4,PN9,PE9,PN10,PE10,PN11,PE11
01-18,23.01,3498014.84,288628.49,3498045.16,288390.16,3497095.08,288269.29,3497064.76,288507.62,,,,,,
01-20,23.80,3497982.21,288884.93,3498013.57,288638.41,3497063.49,288517.55,3497032.13,288764.06,,,,,,
01-22,23.80,3497950.35,289135.40,3497981.71,288888.90,3497031.63,288768.03,3497000.27,289014.53,,,,,,
01-24,23.80,3497917.72,289391.85,3497949.08,289145.33,3496999.00,289024.47,3496967.64,289270.98,,,,,,
01-26,23.80,3497885.86,289642.32,3497917.22,289395.82,3496967.14,289274.95,3496935.78,289521.45,,,,,,
01-28,23.80,3497853.23,289898.76,3497884.59,289652.24,3496934.51,289531.38,3496903.15,289777.89,,,,,,
01-30,23.80,3497821.37,290149.23,3497852.73,289902.72,3496902.65,289781.85,3496871.29,290028.36,,,,,,
01-32,22.92,3497790.15,290394.68,3497820.10,290159.15,3496870.02,290038.28,3496839.59,290277.50,,,,,,
02-01,25.55,3498369.33,286255.84,3498401.27,286004.86,3497399.32,285877.39,3497367.40,286128.37,,,,,,
02-03,25.10,3498660.59,283967.28,3498691.97,283720.77,3497689.90,283593.29,3497658.54,283839.80,,,,,,
02-05,25.10,3498434.42,285744.45,3498465.79,285497.93,3497463.81,285370.46,3497432.45,285616.98,,,,,,
02-07,25.10,3498467.05,285488.01,3498498.42,285241.50,3497496.43,285114.03,3497465.07,285360.54,,,,,,
02-09,25.10,3498498.93,285237.53,3498530.30,284991.03,3497528.30,284863.55,3497496.94,285110.06,,,,,,
02-11,25.10,3498531.57,284981.10,3498562.94,284734.59,3497560.93,284607.11,3497529.56,284853.62,,,,,,
02-13,25.10,3498563.44,284730.62,3498594.82,284484.11,3497592.79,284356.63,3497561.43,284603.14,,,,,,
02-15,23.37,3498596.08,284474.19,3498625.19,284245.49,3497623.37,284116.31,3497594.05,284346.71,,,,,,
02-17,23.45,3498648.65,2152.94,3498659.33,283977.20,3497657.28,283849.72,3497626.96,284088.05,,,,,,
02-19,25.10,3498660.59,283967.28,3498691.97,283720.77,3497689.90,283593.29,3497658.54,283839.80,,,,,,
02-21,25.10,3498692.47,283716.80,3498723.84,283470.29,3497721.77,283342.81,3497690.41,283589.32,,,,,,
02-23,25.10,3498725.11,283460.36,3498756.48,283213.86,3497754.39,283086.37,3497723.03,283332.88,,,,,,
02-25,25.10,3498756.99,283209.89,3498788.36,282963.38,3497786.26,282835.89,3497754.90,283082.40,,,,,,
02-27,25.10,3498756.99,283209.89,3498788.36,282963.38,3497786.26,282835.89,3497754.90,283082.40,,,,,,
02-29,25.10,3498821.50,282702.98,3498852.87,282456.47,3497850.75,282328.98,3497819.39,282575.49,,,,,,
02-31,25.10,3498854.13,282446.55,3498885.51,282200.03,3497883.37,282072.54,3497852.01,282319.06,,,,,,
02-33,25.10,3498886.01,282196.07,3498917.38,281949.56,3497915.24,281822.07,3497883.88,282068.58,,,,,,
02-35,25.10,3498918.65,281939.63,3498950.02,281693.13,3497947.86,281565.63,3497916.50,281812.14,,,,,,
02-37,17.02,3498950.53,281689.16,3498971.80,281522.02,3497969.63,281394.52,3497948.37,281561.67,,,,,,
02-39,15.13,3498973.06,281512.09,3499003.96,281269.30,3497977.82,281330.20,3497970.89,281384.59,,,,,,
03-08,23.80,3497159.13,287234.86,3497190.49,286988.35,3496240.41,286867.48,3496209.05,287113.99,,,,,,
03-10,23.80,3497127.26,287485.34,3497158.63,287238.83,3496208.55,287117.96,3496177.18,287364.47,,,,,,
03-12,23.78,3497094.64,287741.77,3497126.00,287495.26,3496175.92,287374.88,3496144.56,287620.90,,,,,,
03-14,23.77,3497062.78,287992.25,3497094.14,287745.74,3496144.06,287625.37,3496112.70,287871.38,,,,,,
03-16,23.54,3497030.50,288245.96,3497061.51,288002.18,3496111.43,287881.31,3496080.42,288125.10,,,,,,
03-18,23.01,3496998.28,288499.17,3497028.61,288260.84,3496078.51,288139.97,3496048.20,288378.30,,,,,,
03-20,23.80,3496965.66,288755.60,3496997.02,288509.09,3496046.94,288388.22,3496015.58,288634.68,,,,,,
03-22,23.80,3496933.80,289006.08,3496965.16,288759.57,3496015.08,288638.70,3495983.72,288885.21,,,,,,
03-24,23.80,3496901.17,289262.52,3496932.53,289016.01,3495982.45,288895.14,3495951.09,289141.65,,,,,,
03-26,23.80,3496869.31,289513.00,3496900.67,289266.49,3495950.59,289145.62,3495919.23,289392.13,,,,,,
03-28,23.80,3496836.68,289769.43,3496868.04,289522.92,3495917.96,289402.05,3495886.60,289648.56,,,,,,
03-30,23.80,3496804.82,290019.91,3496836.18,289773.40,3495886.10,289652.53,3495854.74,289899.04,,,,,,
03-32,23.30,3496773.09,290269.31,3496803.55,290029.83,3495853.47,289908.96,3495822.55,290152.13,,,,,,
04-01,24.23,3497332.85,285868.93,3496382.77,285748.06,3496350.84,285999.04,3497300.92,286119.91,,,,,,
04-03,23.80,3497334.11,285859.01,3497365.47,285612.50,3496415.39,285491.63,3496384.03,285738.14,,,,,,
04-05,23.80,3497365.98,285608.52,3497397.34,285362.00,3496447.26,285241.13,3496415.90,285487.65,,,,,,
04-07,23.80,3497398.60,285352.08,3497429.96,285105.57,3496479.88,284984.70,3496448.52,285231.21,,,,,,
04-09,23.80,3497430.47,285101.60,3497461.83,284855.09,3496511.75,284734.22,3496480.39,284980.73,,,,,,
04-11,23.80,3497463.09,284845.16,3497494.45,284598.65,3496544.37,284477.78,3496513.01,284724.29,,,,,,
04-13,23.80,3497494.96,284594.68,3497526.32,284348.17,3496576.24,284227.30,3496544.88,284473.81,,,,,,
04-15,23.01,3497527.58,284338.25,3497557.90,284099.92,3496607.82,283979.05,3496577.50,284217.38,,,,,,
04-17,23.01,3497560.49,284079.59,3497590.81,283841.26,3496640.73,283720.39,3496610.41,283958.72,,,,,,
04-19,23.80,3497592.07,283831.34,3497623.43,283584.83,3496673.35,283463.96,3496641.99,283710.47,,,,,,
04-21,23.80,3497623.94,283580.86,3497655.30,283334.35,3496705.22,283213.48,3496673.86,283459.99,,,,,,
04-23,23.80,3497656.56,283324.42,3497687.92,283077.91,3496737.84,282957.04,3496706.48,283203.55,,,,,,
04-25,23.80,3497688.43,283073.94,3497719.79,282827.43,3496769.71,282706.56,3496738.35,282953.07,,,,,,
04-27,23.80,3497721.05,282817.51,3497752.41,282571.00,3496802.33,282450.13,3496770.97,282696.64,,,,,,
04-29,18.05,3497752.92,282567.03,3497784.28,282320.52,3497293.22,282258.05,3496802.84,282446.16,,,,,,
04-31,12.98,3497785.54,282310.60,3497816.90,282064.08,3497273.68,281994.97,3497292.47,282247.87,,,,,,
04-33,14.26,3497817.41,282060.12,3497848.75,281813.61,3497254.59,281738.02,3497273.38,281990.91,,,,,,
04-35,15.37,3497850.03,281803.68,3497881.01,281560.15,3497235.27,281478.00,3497253.83,281727.83,,,,,,
04-37,10.43,3497882.28,281550.23,3497909.77,281334.11,3497227.31,281370.90,3497234.51,281467.82,,,,,,
05-01,24.74,3496265.49,286345.47,3496298.11,286089.10,3495347.99,285968.50,3495315.41,286224.60,,,,,,
05-02,24.71,3495246.96,286215.89,3495279.54,285959.81,3494329.43,285839.21,3494296.88,286095.02,,,,,,
05-03,23.80,3496232.87,286601.91,3496264.23,286355.40,3495314.15,286234.53,3495282.79,286481.04,,,,,,
05-04,23.80,3495214.34,286472.33,3495245.70,286225.82,3494295.62,286104.95,3494264.26,286351.46,,,,,,
05-05,23.80,3496201.00,286852.40,3496232.37,286605.87,3495282.29,286485.00,3495250.92,286731.53,,,,,,
05-06,23.80,3495182.47,286722.82,3495213.84,286476.29,3494263.76,286355.42,3494232.39,286601.95,,,,,,
05-07,23.80,3496168.38,287108.82,3496199.74,286862.31,3495249.66,286741.44,3495218.30,286987.95,,,,,,
05-08,23.80,3495149.85,286979.24,3495181.21,286732.73,3494231.13,286611.86,3494199.77,286858.37,,,,,,
05-09,23.80,3496136.51,287359.29,3496167.88,287112.79,3495217.80,286991.92,3495186.43,287238.43,,,,,,
05-10,23.80,3495117.98,287229.72,3495149.35,286983.21,3494199.27,286862.34,3494167.90,287108.85,,,,,,
05-11,23.80,3496103.89,287615.73,3496135.25,287369.22,3495185.17,287248.35,3495153.81,287494.86,,,,,,
05-12,23.80,3495085.36,287486.15,3495116.72,287239.64,3494166.64,287118.77,3494135.28,287365.28,,,,,,
05-13,23.80,3496072.03,287866.20,3496103.39,287619.70,3495153.31,287498.83,3495121.95,287745.34,,,,,,
05-14,23.80,3495053.50,287736.63,3495084.86,287490.12,3494134.78,287369.25,3494103.42,287615.76,,,,,,
05-15,23.54,3496039.75,288119.91,3496070.76,287876.14,3495120.68,287755.27,3495089.67,287999.05,,,,,,
05-16,23.54,3495021.22,287990.34,3495052.23,287746.56,3494102.15,287625.69,3494071.14,287869.47,,,,,,
05-17,23.01,3496007.54,288373.12,3496037.86,288134.79,3495087.78,288013.93,3495057.46,288252.26,,,,,,
05-18,23.01,3494989.00,288243.55,3495019.33,288005.22,3494069.25,287884.35,3494038.92,288122.68,,,,,,
05-19,23.80,3495974.91,288629.56,3496006.27,288383.05,3495056.19,288262.18,3495024.83,288508.69,,,,,,
05-20,23.80,3494956.38,288499.98,3494987.74,288253.47,3494037.66,288132.60,3494006.30,288379.11,,,,,,
05-21,23.80,3495943.05,288880.03,3495974.41,288633.53,3495024.33,288512.66,3494992.97,288759.17,,,,,,
05-22,23.80,3494924.52,288750.46,3494955.88,288503.95,3494005.80,288383.08,3493974.44,288629.59,,,,,,
05-23,23.80,3495910.42,289136.48,3495941.78,288889.97,3494991.70,288769.10,3494960.34,289015.61,,,,,,
05-24,23.80,3494891.89,289006.90,3494923.25,288760.39,3493973.17,288639.52,3493941.81,288886.03,,,,,,
05-25,23.80,3495878.56,289386.95,3495909.92,289140.45,3494959.84,289019.58,3494928.48,289266.09,,,,,,
05-26,23.80,3494860.03,289257.38,3494891.39,289010.87,3493941.31,288890.00,3493909.95,289136.51,,,,,,
05-27,23.80,3495845.93,289643.39,3495877.29,289396.88,3494927.21,289276.01,3494895.85,289522.52,,,,,,
05-28,23.80,3496836.68,289769.43,3496868.04,289522.92,3495917.96,289402.05,3495886.60,289648.56,,,,,,
05-29,23.80,3495814.07,289893.87,3495845.43,289647.35,3494895.35,289526.48,3494863.99,289773.00,,,,,,
05-30,23.80,3496804.82,290019.91,3496836.18,289773.40,3495886.10,289652.53,3495854.74,289899.04,,,,,,
05-31,23.67,3495781.86,290147.12,3495812.80,289903.78,3494862.72,289782.92,3494831.31,290029.94,,,,,,
05-32,23.43,3494777.72,290015.27,3494808.16,289775.98,3493852.13,289654.35,3493821.22,289897.37,,,,,,
06-01,24.22,3495323.57,285613.31,3494373.49,285492.44,3494341.58,285743.28,3495291.64,285864.29,,,,,,
06-02,24.23,3496310.17,285993.87,3496342.10,285742.89,3495392.02,285622.02,3495360.09,285873.00,,,,,,
06-03,23.80,3495324.83,285603.39,3495356.19,285356.88,3494406.11,285236.01,3494374.75,285482.52,,,,,,
06-04,23.80,3496343.36,285732.97,3496374.72,285486.46,3495424.64,285365.59,3495393.28,285612.10,,,,,,
06-05,23.80,3495356.70,285352.90,3495388.06,285106.38,3494437.98,284985.51,3494406.62,285232.03,,,,,,
06-06,23.80,3496375.23,285482.48,3496406.59,285235.96,3495456.51,285115.09,3495425.15,285361.61,,,,,,
06-07,23.80,3495389.32,285096.46,3495420.68,284849.95,3494470.60,284729.08,3494439.24,284975.59,,,,,,
06-08,23.80,3496407.85,285226.04,3496439.21,284979.53,3495489.13,284858.66,3495457.77,285105.17,,,,,,
06-09,23.80,3495421.19,284845.98,3495452.55,284599.47,3494502.47,284478.60,3494471.11,284725.11,,,,,,
06-10,23.80,3496439.72,284975.56,3496471.08,284729.05,3495521.00,284608.18,3495489.64,284854.69,,,,,,
06-11,23.80,3495453.81,284589.54,3495485.17,284343.03,3494535.09,284222.16,3494503.73,284468.67,,,,,,
06-12,23.80,3496472.34,284719.12,3496503.70,284472.61,3495553.62,284351.74,3495522.26,284598.25,,,,,,
06-13,23.80,3495485.68,284339.06,3495517.04,284092.55,3494566.96,283971.68,3494535.60,284218.19,,,,,,
06-14,23.80,3496504.21,284468.64,3496535.57,284222.13,3495585.49,284101.26,3495554.13,284347.77,,,,,,
06-15,23.01,3495518.30,284082.61,3495548.62,283844.30,3494598.54,283723.43,3494568.22,283961.76,,,,,,
06-16,23.01,3496536.83,284212.21,3496567.15,283973.88,3495617.07,283853.01,3495586.75,284091.34,,,,,,
06-17,23.01,3495551.21,283823.97,3495581.53,283585.64,3494631.45,283464.77,3494601.13,283703.10,,,,,,
06-18,23.01,3496569.74,283953.55,3496600.06,283715.22,3495649.98,283594.35,3495619.66,283832.68,,,,,,
06-19,23.40,3495582.79,283575.72,3495614.15,283329.21,3494663.03,283216.52,3494632.71,283454.85,,,,,,
06-20,23.80,3496601.32,283705.30,3496632.68,283458.79,3495682.60,283337.92,3495651.24,283584.43,,,,,,
06-21,23.01,3495615.41,283319.37,3495645.73,283080.96,3494694.61,282968.27,3494664.29,283206.60,,,,,,
06-22,23.80,3496633.19,283454.82,3496664.55,283208.31,3495714.47,283087.44,3495683.11,283333.95,,,,,,
06-23,23.01,3495646.99,283071.12,3495677.31,282832.71,3494726.19,282720.02,3494695.87,282958.35,,,,,,
06-24,23.80,3496665.81,283198.38,3496697.17,282951.87,3495747.09,282831.00,3495715.73,283077.51,,,,,,
06-25,23.12,3495679.53,282815.34,3495721.43,282486.01,3495067.16,282540.80,3494754.44,282498.06,,,,,,
06-26,23.80,3496697.68,282947.90,3496729.04,282701.39,3495778.96,282580.52,3495747.60,282827.03,,,,,,
06-28,16.99,3496730.30,282691.47,3496761.01,282450.10,3496236.73,282444.90,3495791.35,282483.15,,,,,,
07-02,24.50,3494228.43,286086.31,3494260.97,285830.52,3493317.77,285710.79,3493285.26,285966.32,,,,,,
07-04,23.63,3494195.81,286342.75,3494227.17,286096.24,3493284.00,285976.25,3493252.64,286222.76,,,,,,
07-06,23.63,3494163.94,286593.24,3494195.31,286346.71,3493252.14,286226.72,3493220.77,286473.25,,,,,,
07-08,23.63,3494131.32,286849.66,3494162.68,286603.15,3493219.51,286483.16,3493188.15,286729.67,,,,,,
07-10,23.63,3494099.45,287100.14,3494130.81,286853.63,3493187.64,286733.64,3493156.28,286980.15,,,,,,
07-12,23.63,3494066.83,287356.57,3494098.19,287110.06,3493155.02,286990.07,3493123.66,287236.58,,,,,,
07-14,23.63,3494034.97,287607.05,3494066.33,287360.54,3493123.15,287240.55,3493091.79,287487.06,,,,,,
07-16,23.36,3494002.69,287860.76,3494033.70,287616.98,3493090.53,287496.99,3493059.52,287740.77,,,,,,
07-18,22.84,3493970.47,288113.97,3494000.79,287875.64,3493057.62,287755.65,3493027.30,287993.98,,,,,,
07-20,23.63,3493937.85,288370.40,3493969.21,288123.89,3493026.04,288003.90,3492994.68,288250.41,,,,,,
07-22,23.63,3493905.99,288620.88,3493937.35,288374.37,3492994.17,288254.38,3492962.81,288500.89,,,,,,
07-24,10.79,3493355.00,288649.00,3493385.00,288637.00,3493565.00,288604.00,3493568.27,288587.11,,,,,,
07-26,23.63,3493841.50,289127.80,3493872.86,288881.29,3492929.68,288761.30,3492898.32,289007.81,,,,,,
07-28,23.63,3493808.87,289384.23,3493840.23,289137.72,3492897.06,289017.73,3492865.70,289264.24,,,,,,
07-30,23.63,3493777.01,289634.71,3493808.37,289388.20,3492865.19,289268.21,3492833.83,289514.72,,,,,,
07-32,24.26,3493743.79,289895.88,3493775.74,289644.63,3492832.57,289524.64,3492800.14,289779.56,,,,,,
08-01,24.28,3494307.02,285483.98,3493354.95,285362.86,3493323.03,285613.84,3494275.09,285734.96,,,,,,
08-03,23.85,3494308.28,285474.06,3494339.64,285227.55,3493387.57,285106.43,3493356.21,285352.94,,,,,,
08-05,23.85,3494340.15,285223.58,3494371.51,284977.05,3493419.44,284855.93,3493388.08,285102.45,,,,,,
08-07,23.85,3494372.77,284967.13,3494404.13,284720.62,3493452.06,284599.50,3493420.70,284846.01,,,,,,
08-09,23.85,3494404.64,284716.65,3494436.00,284470.14,3493483.93,284349.02,3493452.57,284595.53,,,,,,
08-11,23.85,3494437.26,284460.21,3494468.62,284213.70,3493516.55,284092.58,3493485.19,284339.09,,,,,,
08-13,23.85,3494469.13,284209.73,3494500.49,283963.22,3493548.42,283842.10,3493517.06,284088.61,,,,,,
08-15,23.06,3494501.75,283953.30,3494532.07,283714.97,3493579.99,283593.85,3493549.68,283832.18,,,,,,
08-17,23.06,3494534.66,283694.65,3494564.98,283456.32,3493612.91,283335.19,3493582.59,283573.53,,,,,,
08-19,23.85,3494566.24,283446.40,3494597.60,283199.89,3493645.53,283078.76,3493614.17,283325.27,,,,,,
08-21,23.85,3494598.11,283195.92,3494629.47,282949.41,3493677.40,282828.28,3493646.04,283074.79,,,,,,
08-23,23.85,3494630.73,282939.48,3494662.09,282692.97,3493710.02,282571.84,3493678.66,282818.35,,,,,,
08-25,23.85,3494662.60,282689.00,3494693.96,282442.49,3493741.89,282321.36,3493710.53,282567.87,,,,,,
08-27,23.85,3494695.22,282432.57,3494726.58,282186.06,3493774.51,282064.93,3493743.15,282311.44,,,,,,
08-29,23.85,3494727.09,282182.09,3494758.45,281935.58,3493806.38,281814.45,3493775.02,282060.96,,,,,,
08-31,27.56,3494759.71,281925.66,3494808.17,281544.71,3493831.65,281615.85,3493807.64,281804.53,,,,,,
09-02,24.94,3493211.88,285956.99,3493244.39,285701.48,3492283.31,285579.48,3492250.84,285834.73,,,,,,
09-04,24.07,3493179.27,286213.43,3493210.64,285966.93,3492249.58,285844.66,3492218.22,286091.16,,,,,,
09-06,24.08,3493147.39,286463.92,3493178.76,286217.39,3492217.71,286095.13,3492186.35,286341.66,,,,,,
09-08,24.07,3493114.77,286720.34,3493146.13,286473.82,3492185.09,286351.57,3492153.72,286598.08,,,,,,
09-10,24.07,3493082.90,286970.82,3493114.27,286724.31,3492153.22,286602.05,3492121.86,286848.56,,,,,,
09-12,24.07,3493050.28,287227.25,3493081.64,286980.74,3492120.60,286858.48,3492089.23,287104.99,,,,,,
09-14,24.08,3493018.42,287477.75,3493049.78,287231.22,3492088.73,287108.96,3492057.37,287355.48,,,,,,
09-16,23.81,3492986.14,287731.44,3493017.15,287487.66,3492056.10,287365.40,3492025.09,287609.18,,,,,,
09-18,23.28,3492953.93,287984.64,3492984.25,287746.31,3492023.20,287624.06,3491992.88,287862.38,,,,,,
09-20,24.07,3492921.30,288241.08,3492952.66,287994.57,3491991.61,287872.31,3491960.25,288118.82,,,,,,
09-22,24.07,3492889.44,288491.55,3492920.80,288245.05,3491959.75,288122.79,3491928.39,288369.29,,,,,,
09-24,24.07,3492856.81,288748.00,3492888.17,288501.49,3491927.12,288379.23,3491895.76,288625.74,,,,,,
09-26,24.07,3492824.95,288998.47,3492856.31,288751.97,3491895.26,288629.70,3491863.89,288876.21,,,,,,
09-28,24.07,3492792.32,289254.91,3492823.68,289008.40,3491862.63,288886.14,3491831.27,289132.65,,,,,,
09-30,22.90,3492502.08,289478.56,3492542.50,289453.62,3492624.32,289438.47,3492735.76,289422.50,3491798.65,289389.08,,,,
09-32,22.10,3492726.74,289770.51,3492759.19,289515.30,3492723.01,289510.70,3492594.88,289636.37,3491798.14,289393.05,3491781.64,289522.76,3491765.20,289651.98
10-01,24.51,3493256.56,285605.39,3493288.49,285354.41,3492327.47,285232.15,3492295.54,285483.13,,,,,,
10-03,24.07,3493289.75,285344.49,3493321.11,285097.98,3492360.10,284975.72,3492328.74,285222.23,,,,,,
10-05,24.07,3493321.62,285094.00,3493352.98,284847.48,3492391.96,284725.22,3492360.60,284971.74,,,,,,
10-07,24.07,3493354.24,284837.56,3493385.60,284591.05,3492424.59,284468.79,3492393.23,284715.30,,,,,,
10-09,24.07,3493386.11,284587.08,3493417.47,284340.57,3492456.45,284218.31,3492425.09,284464.81,,,,,,
10-11,24.07,3493418.73,284330.64,3493450.10,284084.13,3492489.08,283961.87,3492457.72,284208.38,,,,,,
10-13,24.07,3493450.60,284080.16,3493481.96,283833.65,3492520.94,283711.39,3492489.58,283957.90,,,,,,
10-15,23.27,3493483.22,283823.73,3493513.54,283585.40,3492552.52,283463.14,3492522.20,283701.47,,,,,,
10-17,23.27,3493516.13,283565.07,3493546.45,283326.74,3492585.43,283204.48,3492555.11,283442.81,,,,,,
10-19,24.07,3493547.71,283316.82,3493579.07,283070.31,3492618.05,282948.05,3492586.69,283194.56,,,,,,
10-21,24.07,3493579.58,283066.34,3493610.94,282819.83,3492649.92,282697.57,3492618.56,282944.08,,,,,,
10-23,24.07,3493612.20,282809.90,3493643.56,282563.39,3492682.54,282441.13,3492651.18,282687.64,,,,,,
10-25,24.07,3493644.07,282559.42,3493675.43,282312.91,3492714.41,282190.65,3492683.05,282437.16,,,,,,
10-27,24.07,3493676.69,282302.99,3493708.05,282056.48,3492747.03,281934.22,3492715.67,282180.73,,,,,,
10-29,24.05,3493708.56,282052.51,3493739.92,281806.00,3492828.29,281690.02,3492777.64,281693.56,,,,,,
10-31,7.73,3493741.18,281796.08,3493763.48,281620.82,3492873.30,281685.67,---,---,,,,,,
11-02,24.14,3492187.38,285826.65,3492219.85,285571.43,3491288.59,285453.22,3491256.15,285708.18,,,,,,
11-04,23.33,3492154.76,286083.09,3492186.12,285836.58,3491254.88,285718.11,3491223.52,285964.62,,,,,,
11-06,23.33,3492122.89,286333.58,3492154.25,286087.05,3491223.02,285968.58,3491191.65,286215.11,,,,,,
11-08,23.33,3492090.27,286590.00,3492121.63,286343.49,3491190.39,286225.02,3491159.03,286471.53,,,,,,
11-10,23.33,3492058.40,286840.48,3492089.76,286593.97,3491158.53,286475.50,3491127.17,286722.01,,,,,,
11-12,23.33,3492025.78,287096.91,3492057.14,286850.40,3491125.90,286731.93,3491094.54,286978.44,,,,,,
11-14,23.33,3491993.91,287347.39,3492025.27,287100.88,3491094.04,286982.41,3491062.68,287228.92,,,,,,
11-16,23.07,3491961.63,287601.10,3491992.65,287357.32,3491061.41,287238.85,3491030.40,287482.63,,,,,,
11-18,22.55,3491929.42,287854.31,3491959.74,287615.98,3491028.51,287497.51,3490998.19,287735.84,,,,,,
11-20,23.33,3491896.80,288110.74,3491928.16,287864.23,3490996.92,287745.76,3490965.56,287992.27,,,,,,
11-22,23.33,3491864.93,288361.22,3491896.29,288114.71,3490965.06,287996.24,3490933.70,288242.75,,,,,,
11-24,23.33,3491832.31,288617.66,3491863.67,288371.15,3490932.43,288252.68,3490901.07,288499.19,,,,,,
11-26,23.33,3491800.44,288868.14,3491831.80,288621.63,3490900.57,288503.16,3490869.21,288749.67,,,,,,
11-28,21.01,3491799.20,288878.07,3490867.94,288759.60,3490847.49,288920.09,3491069.71,288948.41,,,,,,
11-30,12.42,3491735.95,289375.05,3491767.32,289128.54,3491148.27,289049.78,3491363.65,289327.70,,,,,,
11-32,6.22,3491701.72,289644.15,3491734.69,289384.97,3491372.32,289338.88,3491480.97,289479.08,,,,,,
12-01,16.08,3491144.00,285337.00,3491150.00,285277.00,3491208.00,285090.00,3490553.00,285010.00,,,,,,
12-02,24.33,3492254.87,285477.98,3492286.80,285227.01,3491332.75,285105.63,3491300.82,285356.60,,,,,,
12-03,4.39,3490567.23,285002.04,3490606.24,284737.46,3490522.50,284729.50,3490411.14,284807.28,,,,,,
12-04,23.90,3492288.07,285217.08,3492319.43,284970.57,3491365.38,284849.19,3491334.01,285095.70,,,,,,
12-06,23.90,3492319.93,284966.59,3492351.30,284720.07,3491397.25,284598.69,3491365.88,284845.21,,,,,,
12-08,23.90,3492352.56,284710.15,3492383.92,284463.64,3491429.87,284342.26,3491398.51,284588.77,,,,,,
12-10,23.90,3492384.43,284459.67,3492415.79,284213.16,3491461.74,284091.78,3491430.38,284338.29,,,,,,
12-12,24.62,3491410.10,283832.18,3491442.91,283574.26,3490503.74,283454.77,3490470.93,283712.70,,,,,,
12-13,23.31,3490484.00,283713.00,3490517.00,283457.00,3491405.00,283570.00,3491369.00,283831.00,,,,,,
12-14,23.90,3492448.92,283952.75,3492480.29,283706.24,3491526.23,283584.86,3491494.87,283831.37,,,,,,
12-15,22.75,3491444.17,283564.34,3491474.49,283326.01,3490535.32,283206.52,3490505.00,283444.85,,,,,,
12-16,23.11,3492481.55,283696.32,3492511.87,283457.99,3491557.82,283336.61,3491527.50,283574.94,,,,,,
12-17,23.11,3491491.96,283307.58,3491522.28,283069.25,3490568.23,282947.87,3490537.91,283186.20,,,,,,
12-18,23.11,3492514.46,283437.67,3492544.78,283199.34,3491590.73,283077.96,3491560.40,283316.29,,,,,,
12-19,23.90,3491523.54,283059.33,3491554.90,282812.82,3490600.85,282691.44,3490569.49,282937.95,,,,,,
12-20,23.90,3492546.04,283189.42,3492577.40,282942.91,3491623.35,282821.53,3491591.99,283068.04,,,,,,
12-21,23.90,3491555.41,282808.85,3491586.77,282562.34,3490632.72,282440.96,3490601.36,282687.47,,,,,,
12-22,23.90,3492546.04,283189.42,3492577.40,282942.91,3491623.35,282821.53,3491591.99,283068.04,,,,,,
12-23,23.90,3491588.03,282552.41,3491619.40,282305.90,3490665.35,282184.52,3490633.98,282431.03,,,,,,
12-24,23.90,3492610.53,282682.50,3492641.90,282435.99,3491687.84,282314.61,3491656.48,282561.12,,,,,,
12-25,23.90,3491619.90,282301.93,3491651.26,282055.42,3490697.21,281934.04,3490665.85,282180.55,,,,,,
12-26,23.90,3492642.40,282432.02,3492673.76,282185.51,3491719.71,282064.13,3491688.35,282310.64,,,,,,
12-27,25.18,3491652.53,282045.50,3491699.76,281674.24,3491565.84,281673.12,3491263.39,281749.05,,,,,,
12-28,23.61,3492675.03,282175.59,3492706.01,281932.06,3491751.96,281810.68,3491720.97,282054.21,,,,,,
12-30,14.94,3492707.27,281922.13,3492736.09,281695.66,3492696.75,281698.53,3492446.23,281704.88,,,,,,
13-02,24.00,3491177.77,285698.21,3491210.20,285443.27,3490285.68,285325.93,3490248.49,285579.98,,,,,,
13-04,23.28,3491145.15,285954.65,3491176.51,285708.13,3490247.23,285589.91,3490215.87,285836.43,,,,,,
13-06,23.28,3491113.28,286205.14,3491144.64,285958.61,3490215.36,285840.39,3490184.00,286086.91,,,,,,
13-08,23.28,3491080.66,286461.56,3491112.02,286215.05,3490182.74,286096.82,3490151.38,286343.34,,,,,,
13-10,23.28,3491048.79,286712.03,3491080.15,286465.53,3490150.87,286347.30,3490119.51,286593.81,,,,,,
13-12,23.28,3491016.17,286968.47,3491047.53,286721.96,3490118.25,286603.73,3490086.89,286850.25,,,,,,
13-14,23.28,3490984.30,287218.94,3491015.66,286972.44,3490086.38,286854.22,3490055.02,287100.72,,,,,,
13-16,23.02,3490952.03,287472.66,3490983.04,287228.88,3490053.76,287110.65,3490022.75,287354.43,,,,,,
13-18,22.51,3490919.81,287725.87,3490950.13,287487.54,3490020.85,287369.31,3489990.53,287607.64,,,,,,
13-20,23.28,3490887.19,287982.30,3490918.55,287735.79,3489989.27,287617.56,3489957.91,287864.08,,,,,,
13-22,23.28,3490855.32,288232.78,3490886.69,287986.27,3489957.40,287868.05,3489926.04,288114.55,,,,,,
13-24,23.28,3490822.70,288489.22,3490854.06,288242.71,3489924.78,288124.48,3489893.42,288371.00,,,,,,
13-26,23.28,3490790.83,288739.70,3490822.20,288493.19,3489892.91,288374.97,3489861.55,288621.47,,,,,,
13-28,15.59,3490768.70,288914.99,3490789.57,288749.62,3489860.29,288631.39,3489841.93,288797.01,,,,,,
14-01,24.33,3489215.15,285091.25,3489247.08,284840.27,3488293.03,284718.89,3488261.10,284969.87,,,,,,
14-02,24.33,3490237.65,285221.34,3490269.58,284970.36,3489315.53,284848.98,3489283.60,285099.96,,,,,,
14-03,23.90,3489248.35,284830.35,3489279.71,284583.84,3488325.66,284462.46,3488294.30,284708.96,,,,,,
14-04,23.90,3490270.85,284960.44,3490302.21,284713.93,3489348.16,284592.55,3489316.80,284839.05,,,,,,
14-05,23.90,3489280.21,284579.86,3489311.58,284333.34,3488357.53,284211.96,3488326.16,284458.48,,,,,,
14-06,23.90,3490302.71,284709.95,3490334.08,284463.43,3489380.03,284342.05,3489348.66,284588.57,,,,,,
14-07,23.90,3489312.84,284323.42,3489344.20,284076.91,3488390.15,283955.53,3488358.79,284202.04,,,,,,
14-08,23.90,3490335.34,284453.51,3490366.70,284207.00,3489412.65,284085.62,3489381.29,284332.13,,,,,,
14-09,23.90,3489344.71,284072.94,3489376.07,283826.43,3488422.02,283705.05,3488390.66,283951.57,,,,,,
14-10,23.90,3490367.21,284203.03,3490398.57,283956.52,3489444.52,283835.14,3489413.16,284081.65,,,,,,
14-11,23.90,3489377.33,283816.50,3489408.70,283569.99,3488454.65,283448.61,3488423.28,283695.12,,,,,,
14-12,23.90,3490399.83,283946.59,3490431.20,283700.08,3489477.15,283578.70,3489445.78,283825.21,,,,,,
14-13,23.90,3489409.20,283566.02,3489440.56,283319.51,3488486.51,283198.13,3488455.15,283444.64,,,,,,
14-14,23.90,3490431.70,283696.11,3490463.06,283449.60,3489509.01,283328.22,3489477.65,283574.73,,,,,,
14-15,23.11,3489441.83,283309.59,3489472.15,283071.26,3488518.10,282949.88,3488487.78,283188.21,,,,,,
14-16,23.11,3490464.33,283439.68,3490494.65,283201.35,3489540.60,283079.97,3489510.28,283318.30,,,,,,
14-17,23.11,3489474.73,283050.93,3489505.06,282812.60,3488551.01,282691.22,3488520.68,282929.55,,,,,,
14-18,23.11,3490497.23,283181.02,3490527.56,282942.69,3489573.51,282821.31,3489543.18,283059.64,,,,,,
14-19,23.90,3489506.32,282802.68,3489537.68,282556.17,3488583.63,282434.79,3488552.27,282681.30,,,,,,
14-20,23.90,3490528.82,282932.77,3490560.18,282686.26,3489606.13,282564.88,3489574.77,282811.39,,,,,,
14-21,23.90,3489538.19,282552.20,3489569.55,282305.69,3488615.50,282184.31,3488584.14,282430.82,,,,,,
14-22,23.90,3490560.69,282682.29,3490592.05,282435.78,3489638.00,282314.40,3489606.64,282560.91,,,,,,
14-23,23.90,3489570.81,282295.76,3489602.18,282049.25,3488648.13,281927.87,3488616.76,282174.38,,,,,,
14-24,23.90,3490593.31,282425.85,3490624.68,282179.34,3489670.63,282057.96,3489639.26,282304.47,,,,,,
14-25,23.90,3489602.68,282045.28,3489634.04,281798.77,3488679.99,281677.39,3488648.63,281923.90,,,,,,
14-26,23.90,3490625.18,282175.37,3490656.54,281928.86,3489702.49,281807.48,3489671.13,282053.99,,,,,,
14-27,23.61,3489635.31,281788.85,3489666.29,281545.32,3488712.24,281423.94,3488681.26,281667.47,,,,,,
14-28,22.03,3490657.81,281918.94,3490684.64,281708.04,3489734.74,281554.03,3489703.76,281797.56,,,,,,
15-01,24.68,3490192.98,285572.92,3490225.37,285318.26,3489271.30,285197.16,3489238.93,285451.55,,,,,,
15-02,24.65,3489170.48,285442.84,3489202.84,285188.47,3488248.76,285067.36,3488216.43,285321.46,,,,,,
15-03,23.90,3490160.35,285829.36,3490191.71,285582.85,3489237.66,285461.48,3489206.30,285707.99,,,,,,
15-04,23.90,3489137.85,285699.28,3489169.21,285452.77,3488215.16,285331.39,3488183.80,285577.90,,,,,,
15-05,23.90,3490128.49,286079.86,3490159.85,285833.33,3489205.80,285711.96,3489174.44,285958.48,,,,,,
15-06,23.90,3489105.98,285949.77,3489137.35,285703.24,3488183.30,285581.86,3488151.93,285828.39,,,,,,
15-07,23.90,3490095.86,286336.27,3490127.22,286089.76,3489173.17,285968.39,3489141.81,286214.90,,,,,,
15-08,23.90,3489073.36,286206.19,3489104.72,285959.68,3488150.67,285838.30,3488119.31,286084.81,,,,,,
15-09,23.90,3490064.00,286586.75,3490095.36,286340.24,3489141.31,286218.87,3489109.95,286465.37,,,,,,
15-10,23.90,3489041.50,286456.67,3489072.86,286210.16,3488118.81,286088.78,3488087.45,286335.29,,,,,,
15-11,23.90,3490031.37,286843.18,3490062.73,286596.67,3489108.69,286475.30,3489077.32,286721.81,,,,,,
15-12,23.90,3489008.87,286713.10,3489040.23,286466.59,3488086.18,286345.21,3488054.82,286591.73,,,,,,
15-13,23.90,3489999.51,287093.66,3490030.87,286847.15,3489076.82,286725.78,3489045.46,286972.28,,,,,,
15-14,23.90,3488977.01,286963.58,3489008.37,286717.07,3488054.32,286595.69,3488022.96,286842.20,,,,,,
15-15,23.63,3489967.24,287347.37,3489998.24,287103.59,3489044.19,286982.22,3489013.18,287226.00,,,,,,
15-16,23.63,3488944.72,287217.29,3488975.74,286973.51,3488021.69,286852.13,3487990.68,287095.90,,,,,,
15-17,23.11,3489935.02,287600.58,3489965.34,287362.25,3489011.29,287240.87,3488980.97,287479.20,,,,,,
15-18,23.11,3488912.52,287470.50,3488942.84,287232.17,3487988.79,287110.79,3487958.47,287349.12,,,,,,
15-19,23.90,3489902.39,287857.01,3489933.76,287610.50,3488979.71,287489.13,3488948.34,287735.64,,,,,,
15-20,23.88,3488879.89,287726.93,3488911.25,287480.42,3487957.20,287359.34,3487925.84,287605.56,,,,,,
15-21,23.90,3489870.53,288107.49,3489901.89,287860.98,3488947.84,287739.61,3488916.48,287986.12,,,,,,
15-22,23.90,3488848.03,287977.41,3488879.39,287730.90,3487925.34,287609.52,3487893.98,287856.03,,,,,,
15-23,23.90,3489837.90,288363.93,3489869.26,288117.42,3488915.22,287996.05,3488883.85,288242.56,,,,,,
15-24,23.90,3488815.40,288233.85,3488846.76,287987.34,3487892.71,287865.96,3487861.35,288112.48,,,,,,
15-25,23.90,3489806.04,288614.41,3489837.40,288367.90,3488883.35,288246.53,3488851.99,288493.03,,,,,,
15-26,23.90,3488783.54,288484.33,3488814.90,288237.82,3487860.85,288116.44,3487829.49,288362.95,,,,,,
15-27,23.90,3488783.54,288484.33,3488814.90,288237.82,3487860.85,288116.44,3487829.49,288362.95,,,,,,
15-28,16.71,3488761.28,288659.31,3488782.28,288494.26,3487828.23,288372.87,3487803.05,288570.86,,,,,,
16-01,24.29,3487230.75,284583.75,3486278.09,284462.56,3486246.28,284713.55,3487198.83,284834.73,,,,,,
16-02,24.30,3488219.93,284964.64,3488251.86,284713.66,3487299.20,284592.46,3487267.27,284843.44,,,,,,
16-03,23.86,3487232.02,284573.83,3487263.38,284327.32,3486310.72,284206.12,3486279.36,284452.63,,,,,,
16-04,23.85,3488253.13,284703.73,3488284.49,284457.22,3487334.83,284336.03,3487300.47,284582.54,,,,,,
16-05,23.87,3487263.88,284323.34,3487295.25,284076.82,3486342.59,283955.62,3486311.22,284202.14,,,,,,
16-06,23.87,3488284.99,284453.25,3488316.36,284206.73,3487363.70,284085.53,3487332.33,284332.05,,,,,,
16-07,23.86,3487296.51,284066.90,3487327.87,283820.39,3486375.21,283699.19,3486343.85,283945.70,,,,,,
16-08,23.86,3488317.62,284196.81,3488348.98,283950.30,3487396.32,283829.10,3487364.96,284075.61,,,,,,
16-09,23.86,3487328.37,283816.42,3487359.74,283569.91,3486407.08,283448.71,3486375.71,283695.22,,,,,,
16-10,23.86,3488349.48,283946.33,3488380.85,283699.82,3487428.18,283578.62,3487396.82,283825.13,,,,,,
16-11,23.86,3487361.00,283559.98,3487392.36,283313.47,3486439.70,283192.27,3486408.34,283438.78,,,,,,
16-12,23.86,3488382.11,283689.89,3488413.47,283443.38,3487460.81,283322.18,3487429.45,283568.69,,,,,,
16-13,23.86,3487392.87,283309.50,3487424.23,283062.99,3486471.57,282941.79,3486440.20,283188.30,,,,,,
16-14,23.86,3488413.97,283439.41,3488445.34,283192.90,3487492.68,283071.70,3487461.31,283318.21,,,,,,
16-15,23.05,3487425.49,283053.07,3487454.81,282814.74,3486503.12,282693.54,3486472.83,282931.87,,,,,,
16-16,23.07,3488446.60,283182.98,3488476.92,282944.65,3487524.26,282823.45,3487493.94,283061.78,,,,,,
16-17,23.07,3487458.39,282794.41,3487488.71,282556.08,3486536.05,282434.88,3486505.73,282673.22,,,,,,
16-18,23.07,3488479.50,282924.32,3488509.82,282685.99,3487557.16,282564.79,3487526.84,282803.12,,,,,,
16-19,23.86,3487489.98,282546.16,3487521.34,282299.65,3486568.68,282178.46,3486537.32,282424.97,,,,,,
16-20,23.86,3488511.09,282676.07,3488542.45,282429.56,3487589.79,282308.36,3487558.43,282554.87,,,,,,
16-21,23.87,3487521.84,282295.68,3487553.20,282049.17,3486600.54,281927.79,3486569.18,282174.48,,,,,,
16-22,23.86,3488542.95,282425.59,3488574.31,282179.08,3487621.65,282057.88,3487590.29,282304.39,,,,,,
16-23,23.86,3487554.47,282039.24,3487585.83,281792.73,3486633.17,281671.54,3486601.81,281918.05,,,,,,
16-24,23.86,3488575.58,282169.15,3488606.94,281922.64,3487654.28,281801.44,3487622.92,282047.95,,,,,,
16-25,23.86,3487586.33,281788.76,3487617.69,281542.25,3486665.03,281421.05,3486633.67,281667.56,,,,,,
16-26,23.86,3488607.44,281918.67,3488638.80,281672.16,3487686.14,281550.96,3487654.78,281797.47,,,,,,
16-27,25.44,3487618.96,281532.33,3487652.21,281270.98,3486699.92,281146.84,3486666.30,281411.14,,,,,,
16-28,23.58,3488640.07,281662.24,3488671.05,281418.71,3487718.39,281297.51,3487687.41,281541.04,,,,,,
17-01,24.58,3488175.21,285316.22,3488207.53,285062.13,3487254.84,284941.20,3487222.55,285195.02,,,,,,
17-02,24.56,3487154.10,285186.31,3487186.39,284932.51,3486233.69,284811.58,3486201.44,285065.12,,,,,,
17-03,23.86,3488142.58,285572.66,3488173.94,285326.15,3487221.28,285204.95,3487189.92,285451.46,,,,,,
17-04,23.86,3487121.47,285442.76,3487152.83,285196.24,3486200.17,285075.05,3486168.81,285321.56,,,,,,
17-05,23.87,3488110.71,285823.15,3488142.08,285576.62,3487189.42,285455.42,3487158.05,285701.95,,,,,,
17-06,23.87,3487089.60,285693.24,3487120.97,285446.71,3486168.31,285325.52,3486136.94,285572.05,,,,,,
17-07,23.86,3488078.09,286079.57,3488109.45,285833.06,3487156.79,285711.86,3487125.43,285958.37,,,,,,
17-08,23.86,3487056.98,285949.67,3487088.34,285703.15,3486135.68,285581.96,3486104.32,285828.47,,,,,,
17-09,23.86,3488046.23,286330.05,3488077.59,286083.54,3487124.93,285962.34,3487093.57,286208.85,,,,,,
17-10,23.86,3487025.12,286200.14,3487056.45,285953.63,3486103.82,285832.44,3486072.46,286078.95,,,,,,
17-11,23.86,3488013.60,286586.48,3488044.96,286339.97,3487092.30,286218.77,3487060.94,286465.28,,,,,,
17-12,23.86,3486992.49,286456.58,3487023.85,286210.06,3486071.19,286088.87,3486039.83,286335.38,,,,,,
17-13,23.86,3487981.74,286836.96,3488013.10,286590.45,3487060.44,286469.25,3487029.08,286715.76,,,,,,
17-14,23.86,3486960.63,286707.05,3486991.99,286460.54,3486039.33,286339.35,3486007.97,286585.86,,,,,,
17-15,23.60,3487949.45,287090.67,3487980.47,286846.89,3487027.81,286725.69,3486996.81,286969.47,,,,,,
17-16,23.60,3486928.34,286960.76,3486959.36,286716.98,3486006.70,286595.79,3485975.68,286839.57,,,,,,
17-17,23.07,3487917.25,287343.88,3487947.57,287105.55,3486994.91,286984.35,3486964.59,287222.68,,,,,,
17-18,23.11,3488912.52,287470.50,3488942.84,287232.17,3487988.79,287110.79,3487958.47,287349.12,,,,,,
17-19,23.86,3487884.62,287600.31,3487915.98,287353.80,3486963.33,287232.60,3486931.96,287479.11,,,,,,
17-20,23.88,3488879.89,287726.93,3488911.25,287480.42,3487957.20,287359.34,3487925.84,287605.56,,,,,,
17-21,23.86,3487852.76,287850.79,3487884.12,287604.28,3486931.46,287483.08,3486900.10,287729.59,,,,,,
17-22,23.90,3488848.03,287977.41,3488879.39,287730.90,3487925.34,287609.52,3487893.98,287856.03,,,,,,
17-23,23.86,3487820.13,288107.23,3487851.49,287860.72,3486898.83,287739.52,3486867.47,287986.03,,,,,,
17-24,23.90,3488815.40,288233.85,3488846.76,287987.34,3487892.71,287865.96,3487861.35,288112.48,,,,,,
17-25,23.86,3487788.27,288357.71,3487819.63,288111.20,3486866.97,287990.00,3486835.61,288236.51,,,,,,
17-26,23.90,3488783.54,288484.33,3488814.90,288237.82,3487860.85,288116.44,3487829.49,288362.95,,,,,,
17-27,22.97,3487761.40,288568.82,3487787.00,288367.63,3486834.35,288246.43,3486800.79,288510.31,,,,,,
17-28,24.13,3486732.33,288501.59,3486765.90,288237.72,3485813.24,288116.53,3485788.04,288314.60,,,,,,
18-01,24.29,3485184.40,284578.29,3485216.31,284327.48,3484263.65,284206.28,3484231.72,284457.26,,,,,,
18-02,24.30,3486205.49,284708.36,3486237.42,284457.38,3485284.76,284336.19,3485252.84,284587.16,,,,,,
18-03,23.86,3485217.58,284317.55,3485248.94,284071.04,3484296.28,283949.84,3484264.92,284196.35,,,,,,
18-04,23.86,3486238.69,284447.46,3486270.05,284200.95,3485317.39,284079.75,3485286.03,284326.26,,,,,,
18-05,23.87,3485249.44,284067.07,3485280.81,283820.54,3484328.15,283699.35,3484296.78,283945.87,,,,,,
18-06,23.87,3486270.55,284196.97,3486301.92,283950.45,3485349.26,283829.25,3485317.89,284075.77,,,,,,
18-07,23.86,3485282.07,283810.62,3485313.43,283564.11,3484360.77,283442.92,3484329.41,283689.43,,,,,,
18-08,23.86,3486303.18,283940.53,3486334.54,283694.02,3485381.88,283572.82,3485350.52,283819.33,,,,,,
18-09,23.89,3485313.93,283560.14,3485345.30,283313.63,3484392.70,283191.94,3484361.28,283438.96,,,,,,
18-10,23.86,3486335.04,283690.05,3486366.41,283443.54,3485413.75,283322.34,3485382.38,283568.85,,,,,,
18-11,23.86,3485346.56,283303.70,3485377.92,283057.19,3484425.26,282936.00,3484393.90,283182.51,,,,,,
18-12,23.85,3486367.67,283433.61,3486399.03,283187.10,3485448.37,283065.90,3485415.01,283312.41,,,,,,
18-13,23.86,3485378.42,283053.22,3485409.79,282806.71,3484457.13,282685.52,3484425.76,282932.00,,,,,,
18-14,23.86,3486399.54,283183.13,3486430.90,282936.62,3485478.24,282815.42,3485446.87,283061.93,,,,,,
18-15,23.07,3485411.05,282796.79,3485441.37,282558.46,3484488.71,282437.27,3484458.39,282675.59,,,,,,
18-16,23.07,3486432.16,282926.70,3486462.48,282688.37,3485509.82,282567.17,3485479.50,282805.50,,,,,,
18-17,23.07,3485443.95,282538.14,3485474.27,282299.81,3484521.61,282178.61,3484491.29,282416.94,,,,,,
18-18,23.07,3486465.06,282668.04,3486495.39,282429.71,3485542.72,282308.51,3485512.40,282546.84,,,,,,
18-19,23.86,3485475.54,282289.89,3485506.90,282043.38,3484554.24,281922.18,3484522.88,282168.69,,,,,,
18-20,23.86,3486496.65,282419.79,3486528.01,282173.28,3485575.35,282052.08,3485543.99,282298.59,,,,,,
18-21,23.86,3485507.40,282039.41,3485538.76,281792.90,3484586.10,281671.70,3484554.74,281918.21,,,,,,
18-22,23.86,3486528.51,282169.31,3486559.87,281922.80,3485607.21,281801.60,3485575.85,282048.11,,,,,,
18-23,23.86,3485540.03,281782.97,3485571.39,281536.46,3484618.73,281415.26,3484587.37,281661.77,,,,,,
18-24,23.86,3486561.14,281912.87,3486592.50,281666.36,3485639.84,281545.16,3485608.48,281791.67,,,,,,
18-25,23.86,3485571.89,281532.49,3485603.25,281285.98,3484650.59,281164.78,3484619.23,281411.29,,,,,,
18-26,23.86,3486593.00,281662.37,3486624.36,281415.88,3485671.70,281294.68,3485640.34,281541.19,,,,,,
18-27,22.83,3485604.52,281276.06,3485633.71,281046.61,3484682.68,280912.58,3484651.86,281154.86,,,,,,
18-28,23.74,3486625.63,281405.96,3486656.08,281166.65,3485704.92,281033.69,3485672.97,281284.76,,,,,,
19-01,24.53,3486160.77,285059.94,3486193.02,284806.42,3485240.33,284685.49,3485208.11,284938.75,,,,,,
19-02,24.50,3485139.66,284930.04,3485171.88,284676.80,3484219.18,284555.87,3484187.00,284808.84,,,,,,
19-03,23.86,3486128.14,285316.38,3486159.50,285069.87,3485206.84,284948.67,3485175.48,285195.19,,,,,,
19-04,23.86,3487121.47,285442.76,3487152.83,285196.24,3486200.17,285075.05,3486168.81,285321.56,,,,,,
19-05,23.87,3486096.27,285566.87,3486127.64,285320.34,3485174.98,285199.15,3485143.61,285445.67,,,,,,
19-06,23.87,3485075.16,285436.97,3485106.53,285190.44,3484153.87,285069.24,3484122.50,285315.77,,,,,,
19-07,23.86,3486063.65,285823.29,3486095.01,285576.78,3485142.35,285455.58,3485110.99,285702.10,,,,,,
19-08,23.86,3485042.54,285693.39,3485073.90,285446.88,3484121.24,285325.68,3484089.88,285572.19,,,,,,
19-09,23.86,3486031.79,286073.77,3486063.15,285827.26,3485110.49,285706.07,3485079.13,285952.57,,,,,,
19-10,23.86,3485010.68,285943.87,3485042.04,285697.36,3484089.38,285576.16,3484058.02,285822.67,,,,,,
19-11,23.86,3485999.16,286330.20,3486030.52,286083.69,3485077.86,285962.49,3485046.50,286209.01,,,,,,
19-12,23.86,3484978.05,286200.30,3485009.41,285953.79,3484056.75,285832.59,3484025.39,286079.10,,,,,,
19-13,23.86,3485967.30,286580.68,3485998.66,286334.17,3485046.00,286212.98,3485014.64,286459.48,,,,,,
19-14,23.86,3484946.19,286450.78,3484977.55,286204.27,3484024.89,286083.07,3483993.53,286329.58,,,,,,
19-15,23.60,3485935.02,286834.39,3485966.03,286590.61,3485013.37,286469.41,3484982.36,286713.19,,,,,,
19-16,23.60,3484913.91,286704.49,3484944.92,286460.71,3483992.26,286339.51,3483961.24,286583.29,,,,,,
19-17,23.07,3485902.81,287087.60,3485933.13,286849.27,3484980.47,286728.07,3484950.15,286966.40,,,,,,
19-18,23.07,3484881.70,286957.70,3484912.02,286719.37,3483959.36,286598.17,3483929.04,286836.50,,,,,,
19-19,23.86,3485870.18,287344.03,3485901.55,287097.52,3484948.88,286976.32,3484917.52,287222.84,,,,,,
19-20,17.01,3484849.07,287214.13,3484880.43,286967.62,3483927.77,286846.42,3483924.06,286875.61,,,,,,
19-21,23.86,3485838.32,287594.51,3485869.68,287348.00,3484917.02,287226.81,3484885.66,287473.31,,,,,,
19-22,12.72,3484817.21,287464.61,3484848.57,287218.10,3484365.94,287156.70,3484284.32,287396.82,,,,,,
19-23,23.86,3485805.69,287850.95,3485837.05,287604.44,3484884.39,287483.24,3484853.03,287729.76,,,,,,
19-24,14.03,3484784.58,287721.05,3484815.94,287474.54,3484281.03,287406.49,3484199.42,287646.61,,,,,,
19-25,23.86,3485773.83,288101.43,3485805.19,287854.92,3484852.53,287733.73,3484821.17,287980.23,,,,,,
19-26,14.85,3484747.36,288013.65,3484784.08,287725.02,3484198.11,287650.47,3484134.87,287836.52,,,,,,
19-27,11.40,3485748.18,288303.07,3485772.57,288110.35,3484819.91,287990.15,3484814.46,288033.05,,,,,,
20-03,23.86,3483205.12,284061.53,3483236.48,283815.02,3482283.82,283693.82,3482252.46,283940.33,,,,,,
20-04,23.86,3484224.25,284191.18,3484255.61,283944.67,3483302.94,283823.47,3483271.58,284069.98,,,,,,
20-05,23.87,3483236.98,283811.04,3483268.35,283564.52,3482315.69,283443.27,3482284.32,283689.84,,,,,,
20-06,23.87,3484256.11,283940.69,3484287.48,283694.17,3483334.81,283572.97,3483303.44,283819.50,,,,,,
20-07,23.86,3483269.61,283554.60,3483300.97,283308.09,3482353.27,283187.53,3482346.92,283197.83,,,,,,
20-08,23.86,3484288.74,283684.25,3484320.10,283437.74,3483367.43,283316.54,3483336.07,283563.05,,,,,,
20-09,22.30,3483301.47,283304.12,3483332.83,283057.61,3482498.51,282951.46,3482355.57,283183.78,,,,,,
20-1,24.30,3483171.92,284322.43,3483203.85,284071.45,3482251.19,283950.25,3482219.27,284201.23,,,,,,
20-10,23.86,3484320.60,283433.77,3484351.97,283187.26,3483399.30,283066.06,3483367.93,283312.57,,,,,,
20-11,19.39,3483334.10,283047.68,3483365.46,282801.17,3482647.20,282709.79,3482504.26,282942.11,,,,,,
20-12,23.86,3484353.23,283177.33,3484384.59,282930.82,3483431.92,282809.62,3483400.56,283056.13,,,,,,
20-13,16.55,3483365.96,282797.20,3483397.33,282550.69,3482792.45,282473.74,3482649.51,282706.05,,,,,,
20-14,23.86,3484385.09,282926.85,3484416.46,282680.34,3483463.79,282559.14,3483432.42,282805.65,,,,,,
20-15,13.23,3483398.59,282540.77,3483428.91,282302.44,3482936.40,282239.78,3482798.20,282464.39,,,,,,
20-16,23.07,3484417.72,282670.42,3484448.04,282432.09,3483495.37,282310.89,3483465.05,282549.22,,,,,,
20-17,10.40,3483431.49,282282.11,3483461.81,282043.78,3483086.38,281996.02,3482948.18,282220.62,,,,,,
20-18,23.07,3484450.62,282411.77,3484480.94,282173.43,3483528.27,282052.24,3483497.95,282290.57,,,,,,
20-19,8.18,3483463.08,282033.86,3483494.44,281787.35,3483202.53,281750.21,3483134.70,281917.49,,,,,,
20-2,24.30,3484191.06,284452.08,3484222.98,284201.11,3483270.31,284079.91,3483238.38,284330.88,,,,,,
20-20,23.86,3484482.21,282163.51,3484513.57,281917.00,3483560.90,281795.81,3483529.54,282042.32,,,,,,
20-21,6.47,3483494.94,281783.38,3483526.30,281536.87,3483300.67,281508.16,3483204.05,281746.38,,,,,,
20-22,23.86,3484514.07,281913.03,3484545.43,281666.52,3483592.76,281545.33,3483561.40,281791.83,,,,,,
20-23,4.77,3483527.57,281526.94,3483558.93,281280.43,3483401.15,281260.36,3483304.56,281498.57,,,,,,
20-24,23.86,3484546.70,281656.59,3484578.06,281410.08,3483625.39,281288.89,3483594.03,281535.40,,,,,,
20-25,3.11,3483559.44,281276.46,3483590.79,281029.95,3483499.29,281018.31,3483402.71,281256.53,,,,,,
20-26,23.86,3484578.56,281406.11,3484609.92,281159.60,3483657.25,281038.41,3483625.89,281284.92,,,,,,
20-28,23.91,3484611.19,281149.68,3484641.80,280909.08,3483690.76,280775.06,3483658.52,281028.49,,,,,,
21-01,13.60,3482110.05,284544.61,3482142.15,284292.22,3481668.51,284232.11,3481522.53,284469.87,,,,,,
21-02,24.45,3483127.19,284674.01,3483159.33,284421.34,3482206.65,284300.41,3482174.54,284552.81,,,,,,
21-03,23.86,3484113.70,285060.11,3484145.03,284813.59,3483192.40,284692.40,3483161.04,284938.91,,,,,,
21-04,23.86,3483094.57,284930.45,3483125.93,284683.94,3482173.27,284562.74,3482141.91,284809.26,,,,,,
21-05,23.87,3484081.83,285310.60,3484113.20,285064.07,3483160.54,284942.87,3483129.17,285189.40,,,,,,
21-06,23.87,3483062.70,285180.94,3483094.07,284934.41,3482141.41,284813.22,3482110.04,285059.74,,,,,,
21-07,23.86,3484049.21,285567.02,3484080.57,285320.51,3483127.91,285199.31,3483096.55,285445.82,,,,,,
21-08,23.86,3483030.08,285437.36,3483061.44,285190.85,3482108.78,285069.65,3482077.42,285316.17,,,,,,
21-09,23.86,3484017.35,285817.49,3484048.71,285570.99,3483096.05,285449.79,3483064.69,285696.30,,,,,,
21-10,23.86,3482998.22,285687.84,3483029.58,285441.33,3482076.92,285320.14,3482045.56,285566.64,,,,,,
21-11,23.86,3483984.72,286073.93,3484016.08,285827.42,3483063.42,285706.22,3483032.06,285952.73,,,,,,
21-12,23.86,3482965.59,285944.27,3482996.95,285697.76,3482044.29,285576.56,3482012.93,285823.08,,,,,,
21-13,23.86,3483952.86,286324.40,3483984.22,286077.90,3483031.56,285956.70,3483000.20,286203.21,,,,,,
21-14,23.86,3482933.73,286194.75,3482965.09,285948.24,3482012.43,285827.05,3481981.07,286073.55,,,,,,
21-15,23.50,3483920.57,286578.12,3483951.59,286334.34,3482998.93,286213.14,3482971.03,286432.47,,,,,,
21-16,19.98,3482792.11,286353.69,3482906.72,286406.98,3482932.46,286204.68,3481979.80,286083.48,,,,,,
21-17,12.08,3483885.05,286857.47,3483920.08,286582.08,3483056.56,286472.24,---,---,,,,,,
22-01,8.36,3481611.93,284124.02,3481741.36,283913.68,3481300.05,283642.13,3481523.11,284112.72,,,,,,
22-03,16.60,3481746.60,283905.16,3481877.62,283692.24,3481301.17,283337.55,3481196.58,283423.85,,,,,,
22-05,15.82,3481879.72,283688.83,3482010.73,283475.91,3481508.20,283166.71,3481304.43,283334.86,,,,,,
22-07,13.28,3482015.97,283467.40,3482146.99,283254.48,3481767.11,283020.74,3481724.52,283044.30,,,,,,
22-09,9.85,3482149.09,283251.07,3482280.10,283038.15,3481965.11,282844.34,3481866.24,282965.91,,,,,,
22-11,8.84,3482285.35,283029.63,3482416.36,282816.72,3482116.95,282632.51,3482102.60,282675.29,,,,,,
22-13,8.75,3482418.46,282813.31,3482549.47,282600.39,3482259.90,282422.22,3482127.45,282601.20,,,,,,
22-15,8.21,3482554.72,282591.87,3482685.73,282378.95,3482415.13,282212.47,3482265.87,282414.16,,,,,,
22-17,7.62,3482687.83,282375.54,3482818.85,282162.62,3482570.37,282009.75,3482429.77,282192.69,,,,,,
22-19,6.94,3482824.09,282154.11,3482955.10,281941.19,3482729.67,281802.48,3482576.51,282001.77,,,,,,
22-21,7.90,3482905.59,281558.59,3482727.00,281796.00,3482957.82,281938.63,3483125.73,281672.51,,,,,,
22-23,7.79,3483131.00,281665.00,3483197.00,281503.00,3483240.00,281394.00,3483298.00,281241.00,3483050.00,281368.00,3482910.00,281555.00,,
23-01,13.60,3482110.05,284544.61,3482142.15,284292.22,3481668.51,284232.11,3481522.53,284469.87,,,,,,
23-03,16.22,3482077.43,284801.05,3482108.79,284554.54,3481516.78,284479.23,3481374.10,284711.58,,,,,,
23-05,19.06,3482045.56,285051.54,3482076.93,284805.01,3481371.81,284715.31,3481229.13,284947.68,,,,,,
23-07,21.96,3482012.94,285307.96,3482044.30,285061.45,3481223.40,284957.02,3481080.72,285189.37,,,,,,
23-09,24.79,3481981.08,285558.44,3482012.44,285311.93,3481078.42,285193.11,3480935.75,285425.46,,,,,,
23-11,22.90,3481948.45,285814.87,3481979.81,285568.36,3480930.01,285434.81,3480902.65,285479.36,,,,,,
23-13,11.54,3481916.59,286065.35,3481947.95,285818.84,3481267.99,285732.34,3481511.89,285901.24,,,,,,
23-15,3.15,3481886.45,286302.19,3481915.32,286075.28,3481642.00,286040.52,---,---,,,,,,
24-01,27.50,3480802.35,282954.78,3480837.14,282707.22,3479748.26,282554.12,3479713.05,282801.68,,,,,,
24-02,22.69,3481571.54,282917.78,3481613.68,282816.36,3480906.46,282716.96,3480871.67,282964.52,,,,,,
24-03,27.50,3480838.53,282697.31,3480873.33,282449.75,3479784.03,282296.65,3479749.23,282544.21,,,,,,
24-04,18.73,3481617.65,282806.82,3481716.77,282568.29,3480942.65,282459.49,3480907.85,282707.05,,,,,,
24-05,27.50,3480873.88,282445.79,3480908.68,282198.22,3479819.38,282045.12,3479784.58,282292.69,,,,,,
24-06,20.38,3481718.36,282564.47,3481817.48,282325.95,3480978.00,282207.96,3480943.20,282455.53,,,,,,
24-07,27.50,3480910.07,282188.32,3480944.86,281940.75,3479855.56,281787.65,3479820.77,282035.22,,,,,,
24-08,22.07,3481821.44,282316.41,3481920.56,282077.88,3481014.18,281950.49,3480979.39,282198.06,,,,,,
24-09,27.50,3480945.42,281936.79,3480980.21,281689.22,3479890.91,281536.12,3479856.12,281783.69,,,,,,
24-10,23.72,3481922.15,282074.06,3482021.27,281835.54,3481049.53,281698.96,3481014.74,281946.53,,,,,,
24-11,27.50,3480981.60,281679.32,3481016.40,281431.75,3479927.10,281278.65,3479892.30,281526.22,,,,,,
24-12,25.41,3482025.24,281826.00,3482124.36,281587.47,3481085.72,281441.49,3481050.92,281689.06,,,,,,
24-13,27.50,3481016.95,281427.79,3481051.75,281180.22,3479962.45,281027.12,3479927.65,281274.69,,,,,,
24-14,27.91,3482125.94,281583.66,3482224.80,281345.77,3481123.29,281174.12,3481086.27,281437.53,,,,,,
24-15,27.50,3481053.14,281170.32,3481087.93,280922.75,3479998.63,280769.65,3479963.84,281017.22,,,,,,
24-16,13.91,3481386.42,280272.94,3481238.23,280252.12,3481110.45,281161.36,3481262.39,281182.71,,,,,,
24-17,27.50,3481088.49,280918.79,3481123.28,280671.23,3480033.98,280518.13,3479999.19,280765.69,,,,,,
24-19,27.50,3481124.67,280661.32,3481159.47,280413.76,3480070.17,280260.66,3480035.37,280508.22,,,,,,
24-21,22.55,3481160.85,280403.85,3481189.40,280200.85,3480100.10,280047.75,3480071.55,280250.75,,,,,,
25-01,3.65,3481270.46,283796.83,3481122.60,283484.91,3480954.33,283623.76,---,---,,,,,,
25-03,14.75,3481455.83,284187.91,3481273.37,283802.99,3480951.01,283626.50,3480743.37,283797.84,,,,,,
25-05,21.69,3481326.73,284413.64,3481457.91,284200.44,3480735.07,283804.70,3480527.43,283976.03,,,,,,
25-07,23.91,3481193.44,284630.24,3481324.63,284417.05,3480524.10,283978.77,3480316.46,284150.10,,,,,,
25-09,26.17,3481057.02,284851.96,3481188.20,284638.77,3480308.16,284156.96,3480100.52,284328.29,,,,,,
25-11,28.39,3480923.73,285068.57,3481054.92,284855.37,3480097.20,284331.03,3479889.56,284502.37,,,,,,
25-13,30.65,3480787.30,285290.30,3480918.49,285077.09,3479881.25,284509.22,3479673.61,284680.56,,,,,,
25-15,19.68,3480707.01,285337.20,3480744.31,285360.16,3480782.06,285298.82,3479665.31,284687.41,,,,,,
26-01,17.83,3478608.91,282646.52,3478643.70,282398.95,3477939.12,282299.93,3477900.59,282546.97,,,,,,
26-02,25.00,3479668.50,282795.43,3479703.29,282547.87,3478713.02,282408.69,3478678.23,282656.25,,,,,,
26-03,17.74,3478645.09,282389.04,3478679.89,282141.48,3477979.19,282043.00,3477940.66,282290.04,,,,,,
26-04,25.00,3479704.68,282537.96,3479739.48,282290.40,3478749.21,282151.22,3478714.41,282398.78,,,,,,
26-05,17.64,3478680.44,282137.52,3478715.24,281889.95,3478018.34,281792.00,3477979.81,282039.05,,,,,,
26-06,25.00,3479740.03,282286.44,3479774.83,282038.87,3478784.56,281899.69,3478749.76,282147.26,,,,,,
26-07,17.54,3478716.63,281880.05,3478751.42,281632.48,3478058.40,281535.08,3478019.88,281782.12,,,,,,
26-08,25.00,3479776.22,282028.97,3479811.01,281781.40,3478820.74,281642.22,3478785.95,281889.79,,,,,,
26-09,17.45,3478751.98,281628.52,3478786.77,281380.95,3478097.55,281284.09,3478059.02,281531.13,,,,,,
26-10,25.00,3479811.57,281777.44,3479846.36,281529.87,3478856.09,281390.69,3478821.30,281638.26,,,,,,
26-11,17.35,3478788.16,281371.05,3478822.96,281123.48,3478137.62,281027.16,3478099.09,281274.20,,,,,,
26-12,25.00,3479847.75,281519.97,3479882.55,281272.40,3478892.28,281133.22,3478857.48,281380.79,,,,,,
26-13,17.25,3478823.51,281119.52,3478858.31,280871.95,3478176.76,280776.16,3478138.23,281023.21,,,,,,
26-14,25.00,3479883.10,281268.44,3479917.90,281020.87,3478927.63,280881.69,3478892.83,281129.26,,,,,,
26-15,17.16,3478859.70,280862.05,3478894.49,280614.48,3478216.83,280519.24,3478178.30,280766.29,,,,,,
26-16,25.00,3479919.29,281010.97,3479954.08,280763.40,3478963.81,280624.22,3478929.02,280871.79,,,,,,
26-17,17.06,3478895.05,280610.52,3478929.84,280362.96,3478256.50,280268.33,3478253.64,280283.22,,,,,,
26-18,25.00,3479954.64,280759.44,3479989.43,280511.88,3478999.16,280372.70,3478964.37,280620.26,,,,,,
26-19,16.80,3478931.23,280353.05,3478947.79,280235.24,3478944.40,280209.52,3478947.10,280190.35,,,,,,
26-20,25.00,3479990.82,280501.97,3480025.62,280254.41,3479035.35,280115.23,3479000.55,280362.79,,,,,,
26-21,13.62,3478967.41,280095.58,3478995.96,279892.58,3478340.50,279800.46,3478307.47,280002.83,,,,,,
26-22,20.44,3480027.00,280244.50,3480055.54,280041.50,3479373.17,279945.60,3479339.33,279960.80,,,,,,
27-01,32.38,3481052.82,283335.35,3480924.61,283064.87,3479801.40,282907.02,3479752.93,282892.64,,,,,,
27-02,25.80,3479622.88,283134.39,3479658.72,282879.40,3478666.49,282739.94,3478630.64,282994.92,,,,,,
27-03,31.85,3480802.77,283562.76,3481059.84,283350.16,3481057.95,283346.17,3479688.83,283153.75,,,,,,
27-04,25.05,3479586.70,283391.85,3479621.49,283144.29,3478629.25,283004.83,3478594.46,283252.39,,,,,,
27-05,26.05,3480537.66,283782.00,3480798.58,283566.22,3479653.48,283405.28,3479618.69,283652.84,,,,,,
27-06,25.05,3479551.35,283643.38,3479586.14,283395.82,3478593.90,283256.36,3478559.11,283503.92,,,,,,
27-07,19.04,3480282.48,283993.04,3480527.23,283790.63,3479617.29,283662.75,3479584.66,283894.97,,,,,,
27-08,19.70,3479178.91,283837.94,3479517.32,283885.50,3479549.95,283653.29,3478557.72,283513.83,,,,,,
29-02,19.93,3478568.86,282931.45,3478607.53,282656.42,3477899.05,282556.85,3477878.61,282687.93,,,,,,
29-04,20.76,3478528.11,283221.37,3478567.47,282941.36,3477851.15,282840.23,3477842.29,282886.07,,,,,,
30-01,23.82,3482178.59,284196.11,3482307.77,283181.03,3481716.66,284137.34,,,,,,,,
جمع کل,11945.71,,,,,,,,,,,,,,
